Participant_ID,Hours_free_time,marital_status,Hamster,Happy
1,19,Single,Yes,Agree
2,6,Single,No,Disagree
3,8,Single,Yes,Neither agree nor disagree
4,6,Single,No,Disagree
5,3,Single,Yes,Disagree
6,2,Single,No,Disagree
7,18,Single,Yes,Neither agree nor disagree
8,19,Single,No,Agree
9,12,Single,Yes,Neither agree nor disagree
10,10,Single,No,Neither agree nor disagree
11,12,Single,Yes,Neither agree nor disagree
12,17,Single,No,Agree
13,5,Single,Yes,Disagree
14,7,Single,No,Disagree
15,17,Single,Yes,Neither agree nor disagree
16,5,Cohabiting,No,Disagree
17,10,Cohabiting,Yes,Agree
18,11,Cohabiting,No,Neither agree nor disagree
19,13,Cohabiting,Yes,Neither agree nor disagree
20,17,Cohabiting,No,Agree
21,5,Cohabiting,Yes,Disagree
22,20,Cohabiting,No,Disagree
23,23,Cohabiting,Yes,Agree
24,21,Married,No,Disagree
25,18,Married,Yes,Agree
26,10,Married,No,Neither agree nor disagree
27,10,Married,Yes,Agree
28,4,Married,No,Agree
29,16,Married,Yes,Neither agree nor disagree
30,23,Married,No,Agree
31,26,Married,Yes,Agree
32,2,Married,No,Disagree
33,5,Married,Yes,Disagree
34,16,Married,Yes,Agree
35,5,Married,No,Agree
36,7,Married,Yes,Agree
37,9,Married,Yes,Agree
38,6,Married,Yes,Agree
39,15,Divorced,Yes,Agree
40,17,Divorced,No,Disagree
41,19,Divorced,Yes,Disagree
42,3,Divorced,No,Agree
43,5,Divorced,Yes,Disagree
44,4,Divorced,No,Disagree
45,2,Divorced,Yes,Disagree
46,5,Divorced,No,Disagree
47,10,Divorced,Yes,Agree
48,11,Divorced,No,Neither agree nor disagree
49,3,Divorced,Yes,Neither agree nor disagree
50,14,Divorced,No,Agree
51,5,Divorced,Yes,Neither agree nor disagree
52,3,Divorced,No,Disagree
53,7,Divorced,Yes,Disagree