Participant_ID,Hours_free_time,marital_status,Hamster,Happy
1,19,Single,Yes,Yes
2,19,Single,Yes,Yes
3,15,Single,Yes,Yes
4,18,Single,Yes,Yes
5,15,Single,Yes,Yes
6,17,Single,No,Yes
7,18,Single,No,Yes
8,13,Single,No,Yes
9,12,Single,No,No
10,10,Single,No,No
11,12,Single,No,No
12,17,Single,No,No
13,19,Single,Yes,No
14,15,Single,Yes,No
15,17,Single,Yes,No
16,19,Cohabiting,Yes,Yes
17,10,Cohabiting,Yes,Yes
18,11,Cohabiting,Yes,Yes
19,13,Cohabiting,No,No
20,17,Cohabiting,No,Yes
21,19,Cohabiting,Yes,Yes
22,20,Cohabiting,Yes,No
23,23,Cohabiting,Yes,No
24,26,Married,Yes,Yes
25,25,Married,Yes,Yes
26,4,Married,No,Yes
27,10,Married,No,Yes
28,4,Married,No,Yes
29,16,Married,No,Yes
30,2,Married,No,Yes
31,1,Married,Yes,No
32,2,Married,Yes,No
33,4,Married,Yes,No
34,16,Divorced,No,Yes
35,18,Divorced,No,Yes
36,18,Divorced,No,Yes
37,13,Divorced,No,Yes
38,15,Divorced,Yes,Yes
39,15,Divorced,Yes,Yes
40,17,Divorced,Yes,No
41,19,Divorced,Yes,No
42,3,Divorced,Yes,No
43,5,Divorced,Yes,No
44,4,Divorced,No,No
45,2,Divorced,No,No
46,5,Divorced,Yes,No
47,10,Divorced,Yes,No
48,11,Divorced,No,No
49,3,Divorced,No,No
50,14,Divorced,No,No
51,5,Divorced,No,No
52,3,Divorced,No,No
53,7,Divorced,No,No