Participant_ID,Hamster,Happy
1,Yes,Yes
2,Yes,Yes
3,Yes,Yes
4,Yes,Yes
5,Yes,Yes
6,Yes,Yes
7,Yes,Yes
8,Yes,Yes
9,Yes,Yes
10,Yes,Yes
11,Yes,Yes
12,Yes,Yes
13,Yes,Yes
14,Yes,Yes
15,Yes,Yes
16,Yes,Yes
17,Yes,Yes
18,Yes,Yes
19,Yes,Yes
20,Yes,Yes
21,Yes,Yes
22,Yes,Yes
23,Yes,Yes
24,Yes,Yes
25,Yes,Yes
26,Yes,No
27,Yes,No
28,Yes,No
29,Yes,No
30,Yes,No
31,Yes,No
32,Yes,No
33,Yes,No
34,No,Yes
35,No,Yes
36,No,Yes
37,No,Yes
38,No,Yes
39,No,Yes
40,No,Yes
41,No,Yes
42,No,No
43,No,No
44,No,No
45,No,No
46,No,No
47,No,No
48,No,No
49,No,No
50,No,No
51,No,No
52,No,No
53,No,No