﻿Participant_Number,Age,Gender,Condition_blackandwhite,Condition_colour
1,18,male,1,3
2,20,female,1,2
3,21,female,6,5
4,18,male,5,6
5,21,male,1,7
6,18,male,5,5
7,22,male,5,5
8,19,female,5,3
9,21,female,3,2
10,20,male,3,6
11,18,male,1,2
14,20,female,4,7
15,19,male,5,5
16,19,male,1,3
17,21,female,5,2
18,19,male,3,2
19,21,male,1,1
20,20,female,4,4
21,18,female,2,3
22,22,female,1,3
23,21,female,1,3
24,19,male,5,5
25,19,male,1,1
26,22,male,2,4
27,22,male,3,5
28,22,male,3,4
29,19,female,5,4
30,22,female,0,2
31,21,female,4,7
32,21,female,4,6
33,21,male,2,3
36,18,female,4,6
38,21,female,6,7
39,21,male,6,6
40,22,female,6,4