﻿participant,year,party
1,year2016,democrat
1,year2020,democrat
2,year2016,republican
2,year2020,democrat
3,year2016,republican
3,year2020,democrat
4,year2016,republican
4,year2020,democrat
5,year2016,democrat
5,year2020,democrat
6,year2016,republican
6,year2020,democrat
7,year2016,republican
7,year2020,republican
8,year2016,republican
8,year2020,republican
9,year2016,republican
9,year2020,democrat
10,year2016,democrat
10,year2020,republican
11,year2016,republican
11,year2020,democrat
12,year2016,democrat
12,year2020,republican
13,year2016,dixiecrat
13,year2020,wisconsin freedom
14,year2016,socialist
14,year2020,populist
15,year2016,republican
15,year2020,democrat
16,year2016,democrat
16,year2020,democrat
17,year2016,republican
17,year2020,democrat
18,year2016,republican
18,year2020,democrat
19,year2016,democrat
19,year2020,democrat
20,year2016,democrat
20,year2020,democrat
21,year2016,republican
21,year2020,republican
22,year2016,republican
22,year2020,democrat
23,year2016,republican
23,year2020,democrat
24,year2016,republican
24,year2020,democrat
25,year2016,republican
25,year2020,republican
26,year2016,republican
26,year2020,democrat
27,year2016,republican
27,year2020,republican
28,year2016,republican
28,year2020,democrat
29,year2016,republican
29,year2020,republican
30,year2016,republican
30,year2020,democrat
31,year2016,wisconsin freedom
31,year2020,populist
32,year2016,socialist
32,year2020,democrat